{
    "per_feature": {
        "employ": {
            "stats": {
                "min": 0.0,
                "average": 9.647679324894515,
                "median": 7.0,
                "max": 46.0,
                "p99": 39.0,
                "std": 9.589917455422272
            },
            "missing_impute_with_value": 9.647679324894515
        },
        "income": {
            "stats": {}
        },
        "cardspent": {
            "stats": {
                "min": 0.0,
                "average": 354.6203164556961,
                "median": 293.655,
                "max": 1894.91,
                "p99": 1243.5548999999987,
                "std": 240.64856379448403
            },
            "missing_impute_with_value": 354.6203164556961
        },
        "address": {
            "stats": {}
        },
        "polparty": {
            "stats": {
                "min": 0.0,
                "average": 0.35654008438818563,
                "median": 0.0,
                "max": 1.0,
                "p99": 1.0,
                "std": 0.47948334981000523
            },
            "missing_impute_with_value": 0.35654008438818563
        },
        "gender": {
            "stats": {
                "min": 0.0,
                "average": 0.4810126582278481,
                "median": 0.0,
                "max": 1.0,
                "p99": 1.0,
                "std": 0.5001672319151984
            },
            "missing_impute_with_value": 0.4810126582278481
        },
        "cardtenure": {
            "stats": {
                "min": 0.0,
                "average": 16.432489451476794,
                "median": 14.0,
                "max": 40.0,
                "p99": 40.0,
                "std": 11.629620604142447
            },
            "missing_impute_with_value": 16.432489451476794
        },
        "Accept": {
            "stats": {
                "min": 0.0,
                "average": 0.2552742616033755,
                "median": 0.0,
                "max": 1.0,
                "p99": 1.0,
                "std": 0.43647592763380005
            },
            "missing_impute_with_value": 0.2552742616033755
        },
        "creddebt": {
            "stats": {
                "min": 0.001364,
                "average": 1.9274853119658115,
                "median": 0.883998,
                "max": 67.49085,
                "p99": 13.88395975999999,
                "std": 3.9853671053093462
            },
            "missing_impute_with_value": 1.9274853119658115
        },
        "jobsat": {
            "stats": {
                "min": 1.0,
                "average": 1.9345991561181435,
                "median": 2.0,
                "max": 3.0,
                "p99": 3.0,
                "std": 0.8711642884209615
            },
            "missing_impute_with_value": 1.9345991561181435
        },
        "reside": {
            "stats": {
                "min": 1.0,
                "average": 2.2088607594936707,
                "median": 2.0,
                "max": 7.0,
                "p99": 6.0,
                "std": 1.4099636275054097
            },
            "missing_impute_with_value": 2.2088607594936707
        },
        "hourstv": {
            "stats": {
                "min": 0.0,
                "average": 19.637130801687764,
                "median": 20.0,
                "max": 35.0,
                "p99": 31.0,
                "std": 5.513693600507328
            },
            "missing_impute_with_value": 19.637130801687764
        },
        "cars": {
            "stats": {
                "min": 0.0,
                "average": 1.9852320675105486,
                "median": 2.0,
                "max": 4.0,
                "p99": 4.0,
                "std": 1.1401722955669367
            },
            "missing_impute_with_value": 1.9852320675105486
        },
        "default": {
            "stats": {
                "min": 0.0,
                "average": 0.2510548523206751,
                "median": 0.0,
                "max": 1.0,
                "p99": 1.0,
                "std": 0.43407814052310845
            },
            "missing_impute_with_value": 0.2510548523206751
        },
        "income_avg": {
            "stats": {
                "min": 22.0,
                "average": 56.375344062634696,
                "median": 51.53846153846154,
                "max": 187.28571428571428,
                "p99": 187.28571428571428,
                "std": 28.219203166777426
            },
            "missing_impute_with_value": 56.375344062634696
        },
        "custid": {
            "stats": {}
        },
        "age": {
            "stats": {
                "min": 18.0,
                "average": 46.62236286919831,
                "median": 45.5,
                "max": 79.0,
                "p99": 79.0,
                "std": 17.432164079963048
            },
            "missing_impute_with_value": 46.62236286919831
        },
        "log_income": {
            "stats": {
                "min": 0.9542425094393249,
                "average": 1.6143430620557535,
                "median": 1.6020599913279623,
                "max": 2.9978230807457256,
                "p99": 2.409522599801252,
                "std": 0.32265745963078574
            },
            "missing_impute_with_value": 1.6143430620557535
        },
        "tenure": {
            "stats": {}
        },
        "ed": {
            "stats": {
                "min": 6.0,
                "average": 14.732067510548523,
                "median": 15.0,
                "max": 22.0,
                "p99": 21.0,
                "std": 3.387257733811168
            },
            "missing_impute_with_value": 14.732067510548523
        }
    },
    "feature_order": [
        "employ",
        "income",
        "cardspent",
        "address",
        "polparty",
        "gender",
        "cardtenure",
        "Accept",
        "creddebt",
        "jobsat",
        "reside",
        "hourstv",
        "cars",
        "default",
        "income_avg",
        "custid",
        "age",
        "log_income",
        "tenure",
        "ed"
    ]
}