{
  "cparams": {
    "extractBeforePrepare": true,
    "selection": {
      "useMemTable": false,
      "filter": {
        "distinct": false,
        "enabled": false
      },
      "partitionSelectionMethod": "ALL",
      "latestPartitionsN": 1,
      "ordering": {
        "enabled": false,
        "rules": []
      },
      "samplingMethod": "FULL",
      "maxRecords": 100000,
      "targetRatio": 0.02,
      "ascending": true,
      "withinFirstN": -1,
      "maxReadUncompressedBytes": -1,
      "seed": 1337
    },
    "instanceIdRefresher": 0
  },
  "generationDate": 1700823905485,
  "policyId": "extractBeforePrepare\u003dtrue,,ds\u003dExamNov2023_customers_joined_prepared,sel\u003d(method\u003dfull)",
  "instanceId": "f7a3f48e9d84b8465253b9602c5ce0fd-0",
  "format": "csv1",
  "schema": {
    "columns": [
      {"name":"custid","type":"string"},
      {"name":"gender","type":"bigint"},
      {"name":"age","type":"bigint"},
      {"name":"ed","type":"bigint"},
      {"name":"employ","type":"bigint"},
      {"name":"income","type":"bigint"},
      {"name":"log_income","type":"double"},
      {"name":"creddebt","type":"double"},
      {"name":"default","type":"bigint"},
      {"name":"jobsat","type":"bigint"},
      {"name":"reside","type":"bigint"},
      {"name":"address","type":"bigint"},
      {"name":"cars","type":"bigint"},
      {"name":"polparty","type":"bigint"},
      {"name":"cardtenure","type":"bigint"},
      {"name":"cardspent","type":"double"},
      {"name":"tenure","type":"bigint"},
      {"name":"hourstv","type":"bigint"},
      {"name":"Accept","type":"bigint"},
      {"name":"income_avg","type":"double"}
    ],
    "userModified": false
  },
  "fullPath": "full-f7a3f48e9d84b8465253b9602c5ce0fd-0.csv.gz",
  "trainRows": 0,
  "testRows": 0,
  "fullRows": 474
}