{
  "type": "UploadedFiles",
  "managed": false,
  "featureGroup": false,
  "formatType": "excel",
  "checklists": {
    "checklists": []
  },
  "checks": [],
  "customMeta": {
    "kv": {}
  },
  "flowOptions": {
    "virtualizable": false,
    "rebuildBehavior": "NORMAL",
    "crossProjectBuildBehavior": "DEFAULT"
  },
  "readWriteOptions": {
    "preserveOrder": false,
    "writeBuckets": 1,
    "forceSingleOutputFile": false,
    "defaultReadOrdering": {
      "enabled": false,
      "rules": []
    }
  },
  "formatParams": {
    "xlsx": true,
    "preserveNumberFormatting": false,
    "parseDatesToISO": false,
    "skipRowsBeforeHeader": 0,
    "parseHeaderRow": true,
    "skipRowsAfterHeader": 0,
    "sheetsToColumn": false,
    "sheetSelectionMode": "NAMES",
    "sheets": "*data"
  },
  "partitioning": {
    "ignoreNonMatchingFile": false,
    "considerMissingRequestedPartitionsAsEmpty": false,
    "dimensions": []
  },
  "versionTag": {
    "versionNumber": 1,
    "lastModifiedBy": {
      "login": "admin"
    },
    "lastModifiedOn": 1700822149412,
    "extendedProperties": {}
  },
  "creationTag": {
    "versionNumber": 0,
    "lastModifiedBy": {
      "login": "admin"
    },
    "lastModifiedOn": 1700822149306,
    "extendedProperties": {}
  },
  "tags": [],
  "params": {
    "files": [
      "/ExamNov2023_customers.xlsx"
    ],
    "uploadConnection": "Default (in DSS data dir.)",
    "notReadyIfEmpty": false,
    "previewFile": "/ExamNov2023_customers.xlsx",
    "filesSelectionRules": {
      "mode": "ALL",
      "excludeRules": [],
      "includeRules": [],
      "explicitFiles": []
    }
  },
  "schema": {
    "columns": [
      {"name":"custid","type":"string"},
      {"name":"gender","type":"bigint"},
      {"name":"age","type":"bigint"},
      {"name":"ed","type":"bigint"},
      {"name":"employ","type":"bigint"},
      {"name":"income","type":"bigint"},
      {"name":"creddebt","type":"double"},
      {"name":"default","type":"bigint"},
      {"name":"jobsat","type":"bigint"},
      {"name":"reside","type":"bigint"},
      {"name":"address","type":"bigint"},
      {"name":"cars","type":"bigint"},
      {"name":"polparty","type":"bigint"},
      {"name":"cardtenure","type":"bigint"},
      {"name":"cardspent","type":"double"},
      {"name":"tenure","type":"bigint"},
      {"name":"hourstv","type":"bigint"},
      {"name":"Accept","type":"bigint"}
    ],
    "userModified": true
  },
  "dkuProperties": [],
  "metrics": {
    "probes": [
      {
        "type": "basic",
        "enabled": true,
        "computeOnBuildMode": "PARTITION",
        "meta": {
          "name": "Basic data",
          "level": 0
        },
        "configuration": {}
      },
      {
        "type": "records",
        "enabled": true,
        "computeOnBuildMode": "NO",
        "meta": {
          "name": "Record count",
          "level": 0
        },
        "configuration": {}
      }
    ],
    "engineConfig": {
      "padRunsWithMetrics": false,
      "hive": {
        "active": true,
        "extraConf": []
      },
      "basic": {},
      "dss": {
        "active": true,
        "selection": {
          "useMemTable": false,
          "filter": {
            "distinct": false,
            "enabled": false
          },
          "partitionSelectionMethod": "ALL",
          "latestPartitionsN": 1,
          "ordering": {
            "enabled": false,
            "rules": []
          },
          "samplingMethod": "FULL",
          "maxRecords": -1,
          "targetRatio": 0.02,
          "ascending": true,
          "withinFirstN": -1,
          "maxReadUncompressedBytes": -1
        }
      },
      "sql": {
        "active": true
      },
      "impala": {
        "active": true
      },
      "spark": {
        "active": true,
        "extraConf": []
      },
      "python": {}
    },
    "displayedState": {
      "columns": [],
      "metrics": [
        "basic:COUNT_COLUMNS",
        "basic:COUNT_FILES",
        "basic:SIZE",
        "records:COUNT_RECORDS"
      ]
    }
  },
  "metricsChecks": {
    "runOnBuild": false,
    "checks": [],
    "displayedState": {
      "checks": []
    }
  },
  "customFields": {}
}