{
    "global": {
        "size": 474,
        "facts": [
            {
                "type": "numerical",
                "feature_label": "creddebt",
                "cluster_label": "cluster_outliers",
                "mean": 67.49085,
                "std": null,
                "diff": 16.451022692662367,
                "global_mean": 1.9274853119658115,
                "global_std": 3.9853671053093462
            },
            {
                "type": "numerical",
                "feature_label": "cardspent",
                "cluster_label": "cluster_outliers",
                "mean": 1603.91,
                "std": null,
                "diff": 5.191344855110826,
                "global_mean": 354.6203164556961,
                "global_std": 240.64856379448403
            },
            {
                "type": "numerical",
                "feature_label": "income_avg",
                "cluster_label": "cluster_outliers",
                "mean": 187.28571428571428,
                "std": null,
                "diff": 4.639052685130417,
                "global_mean": 56.375344062634696,
                "global_std": 28.219203166777426
            },
            {
                "type": "numerical",
                "feature_label": "log_income",
                "cluster_label": "cluster_outliers",
                "mean": 2.9978230807457256,
                "std": null,
                "diff": 4.2877670340337914,
                "global_mean": 1.6143430620557535,
                "global_std": 0.32265745963078574
            },
            {
                "type": "numerical",
                "feature_label": "default",
                "cluster_label": "cluster_outliers",
                "mean": 1.0,
                "std": null,
                "diff": 1.72536941569269,
                "global_mean": 0.2510548523206751,
                "global_std": 0.43407814052310845
            },
            {
                "type": "numerical",
                "feature_label": "employ",
                "cluster_label": "cluster_outliers",
                "mean": 24.0,
                "std": null,
                "diff": 1.4966052358449118,
                "global_mean": 9.647679324894515,
                "global_std": 9.589917455422272
            },
            {
                "type": "numerical",
                "feature_label": "jobsat",
                "cluster_label": "cluster_outliers",
                "mean": 3.0,
                "std": null,
                "diff": 1.2229620268445125,
                "global_mean": 1.9345991561181435,
                "global_std": 0.8711642884209615
            },
            {
                "type": "numerical",
                "feature_label": "age",
                "cluster_label": "cluster_1",
                "mean": 65.7089552238806,
                "std": 9.396707651603794,
                "diff": 1.0949066488320216,
                "global_mean": 46.62236286919831,
                "global_std": 17.432164079963048
            },
            {
                "type": "numerical",
                "feature_label": "cardtenure",
                "cluster_label": "cluster_1",
                "mean": 28.35820895522388,
                "std": 9.401969866445182,
                "diff": 1.0254607531649973,
                "global_mean": 16.432489451476794,
                "global_std": 11.629620604142447
            },
            {
                "type": "numerical",
                "feature_label": "employ",
                "cluster_label": "cluster_1",
                "mean": 19.35820895522388,
                "std": 10.576184755670859,
                "diff": 1.0125769773793931,
                "global_mean": 9.647679324894515,
                "global_std": 9.589917455422272
            }
        ]
    },
    "clusters": [
        {
            "cluster": "cluster_0",
            "size": 168,
            "facts": [
                {
                    "type": "numerical",
                    "feature_label": "log_income",
                    "cluster_label": "cluster_0",
                    "mean": 1.8187534751242482,
                    "std": 0.2585983309563659,
                    "diff": 0.6335214233149913,
                    "global_mean": 1.6143430620557535,
                    "global_std": 0.32265745963078574
                },
                {
                    "type": "numerical",
                    "feature_label": "jobsat",
                    "cluster_label": "cluster_0",
                    "mean": 2.3511904761904763,
                    "std": 0.790208650929969,
                    "diff": 0.4782006397753402,
                    "global_mean": 1.9345991561181435,
                    "global_std": 0.8711642884209615
                },
                {
                    "type": "numerical",
                    "feature_label": "cardspent",
                    "cluster_label": "cluster_0",
                    "mean": 465.56464285714304,
                    "std": 297.6985511096851,
                    "diff": 0.46102218376916776,
                    "global_mean": 354.6203164556961,
                    "global_std": 240.64856379448403
                }
            ]
        },
        {
            "cluster": "cluster_1",
            "size": 134,
            "facts": [
                {
                    "type": "numerical",
                    "feature_label": "age",
                    "cluster_label": "cluster_1",
                    "mean": 65.7089552238806,
                    "std": 9.396707651603794,
                    "diff": 1.0949066488320216,
                    "global_mean": 46.62236286919831,
                    "global_std": 17.432164079963048
                },
                {
                    "type": "numerical",
                    "feature_label": "cardtenure",
                    "cluster_label": "cluster_1",
                    "mean": 28.35820895522388,
                    "std": 9.401969866445182,
                    "diff": 1.0254607531649973,
                    "global_mean": 16.432489451476794,
                    "global_std": 11.629620604142447
                },
                {
                    "type": "numerical",
                    "feature_label": "employ",
                    "cluster_label": "cluster_1",
                    "mean": 19.35820895522388,
                    "std": 10.576184755670859,
                    "diff": 1.0125769773793931,
                    "global_mean": 9.647679324894515,
                    "global_std": 9.589917455422272
                }
            ]
        },
        {
            "cluster": "cluster_2",
            "size": 171,
            "facts": [
                {
                    "type": "numerical",
                    "feature_label": "age",
                    "cluster_label": "cluster_2",
                    "mean": 30.181286549707604,
                    "std": 10.091749722060115,
                    "diff": -0.9431460284606018,
                    "global_mean": 46.62236286919831,
                    "global_std": 17.432164079963048
                },
                {
                    "type": "numerical",
                    "feature_label": "cardtenure",
                    "cluster_label": "cluster_2",
                    "mean": 6.7894736842105265,
                    "std": 5.041253959687819,
                    "diff": -0.8291771585249689,
                    "global_mean": 16.432489451476794,
                    "global_std": 11.629620604142447
                },
                {
                    "type": "numerical",
                    "feature_label": "employ",
                    "cluster_label": "cluster_2",
                    "mean": 2.391812865497076,
                    "std": 2.7724999740218492,
                    "diff": -0.7566140681737433,
                    "global_mean": 9.647679324894515,
                    "global_std": 9.589917455422272
                }
            ]
        },
        {
            "cluster": "cluster_outliers",
            "size": 1,
            "facts": [
                {
                    "type": "numerical",
                    "feature_label": "creddebt",
                    "cluster_label": "cluster_outliers",
                    "mean": 67.49085,
                    "std": null,
                    "diff": 16.451022692662367,
                    "global_mean": 1.9274853119658115,
                    "global_std": 3.9853671053093462
                },
                {
                    "type": "numerical",
                    "feature_label": "cardspent",
                    "cluster_label": "cluster_outliers",
                    "mean": 1603.91,
                    "std": null,
                    "diff": 5.191344855110826,
                    "global_mean": 354.6203164556961,
                    "global_std": 240.64856379448403
                },
                {
                    "type": "numerical",
                    "feature_label": "income_avg",
                    "cluster_label": "cluster_outliers",
                    "mean": 187.28571428571428,
                    "std": null,
                    "diff": 4.639052685130417,
                    "global_mean": 56.375344062634696,
                    "global_std": 28.219203166777426
                }
            ]
        }
    ]
}