{
    "metrics": {
        "inertia": 5258.799651887251,
        "silhouette": 0.10698694606453518,
        "nbClusters": 3
    },
    "processed_feature_names": [
        "employ",
        "cardspent",
        "polparty",
        "gender",
        "cardtenure",
        "creddebt",
        "jobsat",
        "reside",
        "hourstv",
        "cars",
        "default",
        "income_avg",
        "age",
        "log_income",
        "ed"
    ],
    "variables_importance": {
        "variables": [
            "employ",
            "cardspent",
            "polparty",
            "gender",
            "cardtenure",
            "creddebt",
            "jobsat",
            "reside",
            "hourstv",
            "cars",
            "default",
            "income_avg",
            "age",
            "log_income",
            "ed"
        ],
        "importances": [
            0.14210528672205913,
            0.06468583878926457,
            0.006821069901129139,
            0.007549221198021121,
            0.12553584160093645,
            0.04954669258445464,
            0.04566118649989161,
            0.027273034560771417,
            0.02752075623321934,
            0.0146808664863165,
            0.03355470174632957,
            0.10661910596165367,
            0.2060271416910313,
            0.0958353263172514,
            0.04658392970767023
        ]
    },
    "reduce_vars": [],
    "train_nb_records": 473,
    "train_nb_features": 15,
    "train_nb_outliers": 1,
    "cluster_description": [
        {
            "variable": "employ",
            "var": 95.4,
            "values": [
                {
                    "cluster": "cluster_0",
                    "value": 9.202380952380953
                },
                {
                    "cluster": "cluster_1",
                    "value": 19.35820895522388
                },
                {
                    "cluster": "cluster_2",
                    "value": 2.391812865497076
                },
                {
                    "cluster": "cluster_outliers",
                    "value": 24.0
                }
            ]
        },
        {
            "variable": "cardspent",
            "var": 402638.83,
            "values": [
                {
                    "cluster": "cluster_0",
                    "value": 465.56464285714304
                },
                {
                    "cluster": "cluster_1",
                    "value": 266.67970149253733
                },
                {
                    "cluster": "cluster_2",
                    "value": 307.2291228070177
                },
                {
                    "cluster": "cluster_outliers",
                    "value": 1603.91
                }
            ]
        },
        {
            "variable": "polparty",
            "var": 0.03,
            "values": [
                {
                    "cluster": "cluster_0",
                    "value": 0.2976190476190476
                },
                {
                    "cluster": "cluster_1",
                    "value": 0.34328358208955223
                },
                {
                    "cluster": "cluster_2",
                    "value": 0.4269005847953216
                },
                {
                    "cluster": "cluster_outliers",
                    "value": 0.0
                }
            ]
        },
        {
            "variable": "gender",
            "var": 0.07,
            "values": [
                {
                    "cluster": "cluster_0",
                    "value": 0.47023809523809523
                },
                {
                    "cluster": "cluster_1",
                    "value": 0.5895522388059702
                },
                {
                    "cluster": "cluster_2",
                    "value": 0.4093567251461988
                },
                {
                    "cluster": "cluster_outliers",
                    "value": 0.0
                }
            ]
        },
        {
            "variable": "cardtenure",
            "var": 78.43,
            "values": [
                {
                    "cluster": "cluster_0",
                    "value": 16.720238095238095
                },
                {
                    "cluster": "cluster_1",
                    "value": 28.35820895522388
                },
                {
                    "cluster": "cluster_2",
                    "value": 6.7894736842105265
                },
                {
                    "cluster": "cluster_outliers",
                    "value": 19.0
                }
            ]
        },
        {
            "variable": "Accept",
            "var": 0.04,
            "values": [
                {
                    "cluster": "cluster_0",
                    "value": 0.2976190476190476
                },
                {
                    "cluster": "cluster_1",
                    "value": 0.03731343283582089
                },
                {
                    "cluster": "cluster_2",
                    "value": 0.38596491228070173
                },
                {
                    "cluster": "cluster_outliers",
                    "value": 0.0
                }
            ]
        },
        {
            "variable": "creddebt",
            "var": 1080.88,
            "values": [
                {
                    "cluster": "cluster_0",
                    "value": 2.8368162694610786
                },
                {
                    "cluster": "cluster_1",
                    "value": 1.3179785413533835
                },
                {
                    "cluster": "cluster_2",
                    "value": 1.1109749281437113
                },
                {
                    "cluster": "cluster_outliers",
                    "value": 67.49085
                }
            ]
        },
        {
            "variable": "jobsat",
            "var": 0.45,
            "values": [
                {
                    "cluster": "cluster_0",
                    "value": 2.3511904761904763
                },
                {
                    "cluster": "cluster_1",
                    "value": 2.111940298507463
                },
                {
                    "cluster": "cluster_2",
                    "value": 1.3801169590643274
                },
                {
                    "cluster": "cluster_outliers",
                    "value": 3.0
                }
            ]
        },
        {
            "variable": "reside",
            "var": 0.58,
            "values": [
                {
                    "cluster": "cluster_0",
                    "value": 1.9523809523809523
                },
                {
                    "cluster": "cluster_1",
                    "value": 1.7238805970149254
                },
                {
                    "cluster": "cluster_2",
                    "value": 2.847953216374269
                },
                {
                    "cluster": "cluster_outliers",
                    "value": 1.0
                }
            ]
        },
        {
            "variable": "hourstv",
            "var": 2.46,
            "values": [
                {
                    "cluster": "cluster_0",
                    "value": 20.517857142857142
                },
                {
                    "cluster": "cluster_1",
                    "value": 18.21641791044776
                },
                {
                    "cluster": "cluster_2",
                    "value": 19.871345029239766
                },
                {
                    "cluster": "cluster_outliers",
                    "value": 22.0
                }
            ]
        },
        {
            "variable": "cars",
            "var": 0.26,
            "values": [
                {
                    "cluster": "cluster_0",
                    "value": 1.8988095238095237
                },
                {
                    "cluster": "cluster_1",
                    "value": 2.0074626865671643
                },
                {
                    "cluster": "cluster_2",
                    "value": 2.046783625730994
                },
                {
                    "cluster": "cluster_outliers",
                    "value": 3.0
                }
            ]
        },
        {
            "variable": "default",
            "var": 0.19,
            "values": [
                {
                    "cluster": "cluster_0",
                    "value": 0.19642857142857142
                },
                {
                    "cluster": "cluster_1",
                    "value": 0.0
                },
                {
                    "cluster": "cluster_2",
                    "value": 0.49707602339181284
                },
                {
                    "cluster": "cluster_outliers",
                    "value": 1.0
                }
            ]
        },
        {
            "variable": "income_avg",
            "var": 4435.58,
            "values": [
                {
                    "cluster": "cluster_0",
                    "value": 63.006618074580295
                },
                {
                    "cluster": "cluster_1",
                    "value": 71.24063481392275
                },
                {
                    "cluster": "cluster_2",
                    "value": 37.4460261392279
                },
                {
                    "cluster": "cluster_outliers",
                    "value": 187.28571428571428
                }
            ]
        },
        {
            "variable": "age",
            "var": 214.38,
            "values": [
                {
                    "cluster": "cluster_0",
                    "value": 48.101190476190474
                },
                {
                    "cluster": "cluster_1",
                    "value": 65.7089552238806
                },
                {
                    "cluster": "cluster_2",
                    "value": 30.181286549707604
                },
                {
                    "cluster": "cluster_outliers",
                    "value": 52.0
                }
            ]
        },
        {
            "variable": "log_income",
            "var": 0.51,
            "values": [
                {
                    "cluster": "cluster_0",
                    "value": 1.8187534751242482
                },
                {
                    "cluster": "cluster_1",
                    "value": 1.537954276087066
                },
                {
                    "cluster": "cluster_2",
                    "value": 1.4629260394214494
                },
                {
                    "cluster": "cluster_outliers",
                    "value": 2.9978230807457256
                }
            ]
        },
        {
            "variable": "ed",
            "var": 4.18,
            "values": [
                {
                    "cluster": "cluster_0",
                    "value": 15.845238095238095
                },
                {
                    "cluster": "cluster_1",
                    "value": 13.082089552238806
                },
                {
                    "cluster": "cluster_2",
                    "value": 14.912280701754385
                },
                {
                    "cluster": "cluster_outliers",
                    "value": 18.0
                }
            ]
        },
        {
            "variable": "cluster_size",
            "var": 6417.67,
            "values": [
                {
                    "cluster": "cluster_2",
                    "value": 171
                },
                {
                    "cluster": "cluster_0",
                    "value": 168
                },
                {
                    "cluster": "cluster_1",
                    "value": 134
                },
                {
                    "cluster": "cluster_outliers",
                    "value": 1
                }
            ]
        }
    ],
    "summary": {
        "clusters": []
    }
}