{
    "state": "DONE",
    "resumed": false,
    "timeOrderingEnabled": false,
    "sampleWeightsEnabled": false,
    "modelId": "m1",
    "startTime": 1700823908625,
    "endTime": 1700823909526,
    "preprocessingTime": 234,
    "trainingTime": 667,
    "hyperparamsSearchTime": 0,
    "progress": {
        "stack": [],
        "top_level_todo": [],
        "top_level_done": [
            {
                "name": "Loading source dataset",
                "time": 34
            },
            {
                "name": "Collecting statistics",
                "time": 46
            },
            {
                "name": "Preprocessing data",
                "time": 154
            },
            {
                "name": "Fitting model",
                "time": 49
            },
            {
                "name": "Saving model",
                "time": 18
            },
            {
                "name": "Scoring model",
                "time": 600
            }
        ]
    },
    "pythonVersion": "3.7.13"
}