{
  "starred": false,
  "clusterMetas": {
    "cluster_1": {
      "name": "cluster_1",
      "color": "#FDC766"
    },
    "cluster_2": {
      "name": "cluster_2",
      "color": "#7BC9A6"
    },
    "cluster_0": {
      "name": "cluster_0",
      "color": "#F06548"
    },
    "cluster_outliers": {
      "name": "cluster_outliers",
      "color": "#4EC5DA"
    }
  },
  "sessionName": "customers_joined_prepared_clustered",
  "customMeta": {
    "kv": {}
  },
  "tags": [],
  "activeClassifierThreshold": 0.0,
  "description": "KMeans (k\u003d3)\nCluster outliers\n\nTrained in 0 seconds on 474 records\n",
  "name": "KMeans (k\u003d3) (customers_joined_prepared_clustered)",
  "labels": [
    {
      "key": "trainDataset:dataset-name",
      "value": "ExamNov2023_customers_joined_prepared"
    },
    {
      "key": "testDataset:dataset-name",
      "value": "ExamNov2023_customers_joined_prepared"
    },
    {
      "key": "evaluationDataset:dataset-name",
      "value": "ExamNov2023_customers_joined_prepared"
    },
    {
      "key": "model:algorithm",
      "value": "KMEANS"
    },
    {
      "key": "model:name",
      "value": "KMeans (k\u003d3) (customers_joined_prepared_clustered)"
    },
    {
      "key": "model:session-name",
      "value": "customers_joined_prepared_clustered"
    },
    {
      "key": "model:date",
      "value": "2023-11-24T12:05:09.526+0100"
    },
    {
      "key": "evaluation:date",
      "value": "2023-11-24T12:05:09.526+0100"
    }
  ]
}