{
  "dataSpec": {
    "inputDatasetSmartName": "ExamNov2023_customers_joined_prepared",
    "datasetSelection": {
      "useMemTable": false,
      "filter": {
        "distinct": false,
        "enabled": false
      },
      "partitionSelectionMethod": "ALL",
      "latestPartitionsN": 1,
      "ordering": {
        "enabled": false,
        "rules": []
      },
      "samplingMethod": "HEAD_SEQUENTIAL",
      "maxRecords": 100000,
      "targetRatio": 0.02,
      "ascending": false,
      "withinFirstN": -1,
      "maxReadUncompressedBytes": -1,
      "seed": 1337
    },
    "autoRefreshSample": true,
    "refreshTrigger": 0,
    "containerSelection": {
      "containerMode": "INHERIT"
    }
  },
  "rootCard": {
    "type": "worksheet_root",
    "confidenceLevel": 0.95,
    "showConfidenceInterval": false,
    "cards": [
      {
        "type": "correlation_matrix",
        "heatmapParams": {
          "showValues": true,
          "showColors": true,
          "showAbsValues": false,
          "threshold": 0.0,
          "filterVariablesWithoutValues": false
        },
        "metric": "PEARSON",
        "columns": [
          {
            "name": "gender",
            "type": "CONTINUOUS"
          },
          {
            "name": "age",
            "type": "CONTINUOUS"
          },
          {
            "name": "ed",
            "type": "CONTINUOUS"
          },
          {
            "name": "employ",
            "type": "CONTINUOUS"
          },
          {
            "name": "income",
            "type": "CONTINUOUS"
          },
          {
            "name": "log_income",
            "type": "CONTINUOUS"
          },
          {
            "name": "creddebt",
            "type": "CONTINUOUS"
          },
          {
            "name": "default",
            "type": "CONTINUOUS"
          },
          {
            "name": "jobsat",
            "type": "CONTINUOUS"
          },
          {
            "name": "reside",
            "type": "CONTINUOUS"
          },
          {
            "name": "address",
            "type": "CONTINUOUS"
          },
          {
            "name": "cars",
            "type": "CONTINUOUS"
          },
          {
            "name": "polparty",
            "type": "CONTINUOUS"
          },
          {
            "name": "cardtenure",
            "type": "CONTINUOUS"
          },
          {
            "name": "cardspent",
            "type": "CONTINUOUS"
          },
          {
            "name": "tenure",
            "type": "CONTINUOUS"
          },
          {
            "name": "hourstv",
            "type": "CONTINUOUS"
          },
          {
            "name": "Accept",
            "type": "CONTINUOUS"
          },
          {
            "name": "income_avg",
            "type": "CONTINUOUS"
          }
        ],
        "id": "dsEEdJg"
      }
    ],
    "id": "ptNv3aU"
  },
  "name": "Worksheet",
  "versionTag": {
    "versionNumber": 3,
    "lastModifiedBy": {
      "login": "admin"
    },
    "lastModifiedOn": 1700823646408,
    "extendedProperties": {}
  },
  "creationTag": {
    "versionNumber": 0,
    "lastModifiedBy": {
      "login": "admin"
    },
    "lastModifiedOn": 1700823613844,
    "extendedProperties": {}
  },
  "tags": [],
  "customFields": {},
  "checklists": {
    "checklists": []
  }
}